idx	year	month	journal	doi	pmid	verdict	text_source	catalog_flag	uniprot_candidates	ncbi_candidates	locus_candidates	enzyme_keyword_hits	title
12	2026	Apr	Cell Syst	10.1016/j.cels.2026.101541	41895258	HAS_ACCESSIONS	PMC:PMC13035320	False	K2HPO4			bile salt hydrolase(7);deconjugation(6);acyltransferase(4);amine-conjugated(1)	Systemic rhythmicity of host and bacterial bile acid amidates in the mouse
51	2026	Apr	bioRxiv (preprint)	10.64898/2026.03.31.715750	41959458	HAS_ACCESSIONS	PMC:PMC13060235	False			bsh	deconjugation(2);bile salt hydrolase(1);transferase(1);dehydrogenase(1)	Antibiotic Exposure Through Human Milk Influences the Infant Gut Microbiome
9	2025	Dec	eLife	10.7554/eLife.96783	41460563	HAS_ACCESSIONS	PMC:PMC12747522	False	B6C3F1			cyp7a1(13);cyp8b1(10);cyp7b1(3);cyp27a1(3);sulfation(3);sulfated(2)	Sex differences in bile acid homeostasis and excretion underlie the disparity in liver cancer incidence between males and females
33	2025	Dec	Cell Host Microbe	10.1016/j.chom.2025.11.002	41308639	HAS_ACCESSIONS	PMC:PMC12875530	False	P11496		bsh	bile salt hydrolase(5);transferase(3);deconjugates(1);deconjugate(1);sulfated(1);deconjugation(1)	Environmental and maternal imprints on infant gut metabolic development
34	2025	Jul	bioRxiv (preprint)	10.1101/2025.07.24.666662	40777448	HAS_ACCESSIONS	PMC:PMC12330730	False			bsh	bile salt hydrolase(6);transferase(4);deconjugates(1);sulfated(1);deconjugation(1);amine-conjugated(1)	Environmental and Maternal Imprints on Infant Gut Metabolic Programming
38	2025	Oct	Nat Protoc	10.1038/s41596-024-01136-2	40021805	HAS_ACCESSIONS	PMC:PMC12353464	False	C7D6F0				A guide to reverse metabolomics — a framework for big data discovery strategy
39	2025	Jul	Cell Host Microbe	10.1016/j.chom.2025.05.024	40777923	HAS_ACCESSIONS	PubMed_abstract:40777923	False			bsh	bile salt hydrolase(1);deconjugation(1)	Metatranscriptomics uncover diurnal functional shifts in bacterial transgenes with profound metabolic effects
62	2025	Apr	Cell	10.1016/j.cell.2025.01.039	40020666	HAS_ACCESSIONS	PMC:PMC12068931	False	P11496;P49007			sulfate(3)	The International Space Station has a unique and extreme microbial and chemical environment driven by use patterns
69	2025	Feb	mSystems	10.1128/msystems.01471-24	39835799	HAS_ACCESSIONS	PMC:PMC11834471	False	Q32853			cyp450(1);sulfate(1)	Multi-omic signatures of host response associated with presence, type, and outcome of enterococcal bacteremia
2	2024	Feb	Nature	10.1038/s41586-023-06990-w	38326609	HAS_ACCESSIONS	PMC:PMC10881385	True			bsh	acyltransferase(18);bile salt hydrolase(10);deconjugation(6);cyp1a1(5);amine-conjugated(4);cyp3a11(3)	Bile salt hydrolase catalyses formation of amine-conjugated bile acids
4	2024	Jul	Nat Rev Gastroenterol Hepatol	10.1038/s41575-024-00914-3	38575682	HAS_ACCESSIONS	PMC:PMC12248421	False			baiCD;baiH;bsh	bile salt hydrolase(11);transferase(8);acyltransferase(8);sulfated(7);deconjugation(5);kinase(4)	The changing metabolic landscape of bile acids — keys to metabolism and immune regulation
58	2024	Jun	bioRxiv (preprint)	10.1101/2024.06.19.599758	38948766	HAS_ACCESSIONS	PMC:PMC11213024	unknown			BF9343_1074;BF9343_1433;BF9343_1435;BF9343_1436;BF9343_1437;BF9343_1444;BF9343_1919;BF9343_2449	bile salt hydrolase(2);amine-conjugated(1)	Pathogenic Bacteroides fragilis strains can emerge from gut-resident commensals
59	2024	Apr	Cell Rep	10.1016/j.celrep.2024.113953	38517896	HAS_ACCESSIONS	PMC:PMC11132177	False	Q3U367		bsh	hydroxylase(5);bile salt hydrolase(2);dehydrogenase(1)	Peripheral neuronal activation shapes the microbiome and alters gut physiology
82			Nat Microbiol (2024)	10.1038/s41564-023-01575-9		HAS_ACCESSIONS	PMC:PMC10847041	?	P31915			bile salt hydrolase(3);reductase(1);transferase(1)	microbeMASST: a taxonomically informed mass spectrometry search tool for microbial metabolomics data
86			bioRxiv (2024)	10.1101/2024.10.07.617109		HAS_ACCESSIONS	PMC:PMC11482764	?		PMC11482764.1;PMC11482764.2		reductase(1)	Empirically establishing drug exposure records directly from untargeted metabolomics data (preprint)
96			Rapid Commun Mass Spectrom (2025)	10.1002/rcm.9153		HAS_ACCESSIONS	PMC:PMC8709870	?	P00761				Large-scale tandem mass spectrum clustering using fast nearest neighbor searching
101			bioRxiv (2025)	10.1101/2024.10.14.618269		HAS_ACCESSIONS	PMC:PMC11507738	?		PMC11507738.1;PMC11507738.2			Structural annotation of full-scan MS data: A unified solution for LC-MS and MS imaging analyses
127			Metabolites (2024)	10.3390/metabo14110631		HAS_ACCESSIONS	PMC:PMC11596052	?	P23938			sulfate(2)	Possible Missing Sources of Atmospheric Glyoxal Part II: Oxidation of Toluene Derived from the Primary Production of Marine Microorganisms
7	2026	Feb	Anal Chem	10.1021/acs.analchem.5c05677	41642850	ENZYME_LIKELY	PMC:PMC12921657	False				amine-conjugated(4);bile salt hydrolase(3);sulfations(1);cytochrome p450(1);acyltransferase(1)	MS/MS Mass Spectrometry Filtering Tree for Bile Acid Regio- and Stereoisomer Annotation
18	2026	May	bioRxiv (preprint)	10.64898/2026.05.13.724743	42182470	ENZYME_LIKELY	PMC:PMC13192845	unknown				reductase(3);sulfation(1);dehydrogenase(1)	Alkamines reveal a hidden layer of steroid and drug metabolism
29	2026	Feb	bioRxiv (preprint)	10.64898/2026.02.06.704496	41727094	ENZYME_LIKELY	PMC:PMC12919067	unknown				sulfation(2);oxidoreductase(1);sulfate(1)	Navigating the conjugated metabolome
47	2026	Mar	bioRxiv (preprint)	10.64898/2026.03.27.714844	41959195	ENZYME_LIKELY	PMC:PMC13060134	False				sulfated(9);sulfate(8);sulfation(1)	Pan-Metabolomics Repository Mapping of the Carnitine Landscape
48	2026	Feb	Anal Chem	10.1021/acs.analchem.5c06769	41549429	ENZYME_LIKELY	PMC:PMC12874208	False				cyp3a4(1);transferase(1);lyase(1)	Quantitative Food Compounds Enable Dietary Ontology Referencing across 500 Foods and Human Plasma
53	2026	Apr	bioRxiv (preprint)	10.64898/2026.03.29.715122	41959396	ENZYME_LIKELY	PMC:PMC13060078	False				bile salt hydrolase(2);acyltransferase(1);amine-conjugated(1)	Serum metabolic signatures of cognitive resilience in a longitudinal aging cohort
6	2025	Mar	bioRxiv (preprint)	10.1101/2025.03.04.641505	41659560	ENZYME_LIKELY	PMC:PMC12874289	False				amine-conjugated(1);sulfate(1);bile salt hydrolase(1)	MS/MS Mass Spectrometry Filtering Tree for Bile Acid Isomer Annotation
10	2025	Dec	Nat Commun	10.1038/s41467-025-66619-6	41339624	ENZYME_LIKELY	PMC:PMC12764907	False				acyltransferase(5);bile salt hydrolase(3);kinase(3);deconjugation(2);amine-conjugated(1)	Microbiome-derived bile acid signatures in early life and their association with islet autoimmunity
11	2025	Feb	medRxiv (preprint)	10.1101/2025.02.18.25322275	40061321	ENZYME_LIKELY	PMC:PMC11888530	False				acyltransferase(5);bile salt hydrolase(3);kinase(3);deconjugation(2);amine-conjugated(1)	Trajectories of microbiome-derived bile acids in early life — insights into the progression to islet autoimmunity
14	2025	Dec	Gut Microbes	10.1080/19490976.2025.2474142	40025767	ENZYME_LIKELY	PMC:PMC11881840	False				sulfate(2);deconjugation(1)	Gut microbiota and derived metabolites mediate obstructive sleep apnea induced atherosclerosis
27	2025	Jul	Cell	10.1016/j.cell.2025.05.015	40499541	ENZYME_LIKELY	PMC:PMC12428309	False				hydrolase(3);methyltransferase(1)	The microbiome diversifies long- to short-chain fatty acid-derived N-acyl lipids
35	2025	Dec	NPJ Biofilms Microbiomes	10.1038/s41522-025-00899-0	41476253	ENZYME_LIKELY	PMC:PMC12864830	False				bile salt hydrolase(4);acyltransferase(1);amine-conjugated(1)	Fecal microbial and metabolic signatures in children with very early onset inflammatory bowel disease
36	2025	Dec	bioRxiv (preprint)	10.64898/2025.12.08.692990	41427374	ENZYME_LIKELY	PMC:PMC12713748	False				amine-conjugated(3);bile salt hydrolase(1);acyltransferase(1)	Effect of Perinatal Ampicillin or Amoxicillin/Clavulanate Exposure on Maternal and Infant Gut Microbiome, Metabolome, and Infant Responses to the 20-valent Pneumococcal Conjugate Vaccine
40	2025	Apr	medRxiv (preprint)	10.1101/2025.04.18.25326056	40321269	ENZYME_LIKELY	PMC:PMC12047917	False				bile salt hydrolase(2);deconjugation(1);deconjugated(1);deconjugating(1)	Profiling the human luminal small intestinal microbiome using a novel ingestible medical device
41	2025	Nov	ISME Commun	10.1093/ismeco/ycaf224	41439190	ENZYME_LIKELY	PMC:PMC12721380	False				bile salt hydrolase(2);deconjugate(1);deconjugated(1);deconjugating(1)	Exploring the human small intestinal luminal microbiome via a newly developed ingestible sampling device
45	2025	Apr	Res Sq (preprint)	10.21203/rs.3.rs-6321321/v1	40297700	ENZYME_LIKELY	PMC:PMC12036448	False				deconjugation(11);sulfate(7);deconjugate(2);deconjugating(1);cyp2e1(1);sulfated(1)	Glucuronidation Metabolomic Fingerprinting to Map Host-Microbe Metabolism (preprint)
52	2025	May	ACS Omega	10.1021/acsomega.5c01983	40487999	ENZYME_LIKELY	PMC:PMC12138623	False				sulfated(4);sulfate(4)	Ex Vivo Interaction Between Human Gut Microbiota and Artemisinin: A Multi-Omics Perspective
56	2025	Jan	Commun Med (Lond)	10.1038/s43856-024-00682-w	39779882	ENZYME_LIKELY	PMC:PMC11711287	False				sulfatides(1);sulfatide(1)	Consuming a modified Mediterranean ketogenic diet reverses the peripheral lipid signature of Alzheimer's disease in humans
1	2024	Mar	Cell	10.1016/j.cell.2024.02.019	38471500	ENZYME_LIKELY	PMC:PMC12248420	False				bile salt hydrolase(4);deconjugation(2);sulfation(2);sulfates(2);deconjugated(1);sulfated(1)	The underappreciated diversity of bile acid modifications
3	2024	Feb	Nature	10.1038/s41586-023-06906-8	38052229	ENZYME_LIKELY	PMC:PMC10849969	False				cyp3a11(4);sulfate(1)	Reverse metabolomics for the discovery of chemical structures from humans
28	2024	Nov	bioRxiv (preprint)	10.1101/2024.10.31.621412	39554097	ENZYME_LIKELY	PMC:PMC11565975	False				hydrolase(3);methyltransferase(1)	The microbiome diversifies N-acyl lipid pools — including short-chain fatty acid-derived compounds
64	2024	Jul	Metallomics	10.1093/mtomcs/mfae033	38992131	ENZYME_LIKELY	PMC:PMC11272056	False				sulfate(3);reductase(3);lyase(1);cyp7a1(1);bile salt hydrolase(1);amine-conjugated(1)	Dietary iron intake has long-term effects on the fecal metabolome and microbiome
72	2024	Jun	Nutrients	10.3390/nu16111790	38892722	ENZYME_LIKELY	PMC:PMC11175065	False				sulfate(6);sulfated(1)	A Prebiotic Diet Containing Galactooligosaccharides and Polydextrose Produces Dynamic and Reproducible Changes in the Gut Microbial Ecosystem in Male Rats
88			JACS Au (2025)	10.1021/jacsau.5c01063		ENZYME_LIKELY	PMC:PMC12728610	?				cytochrome p450(1);dehydrogenase(1)	A Perspective on Unintentional Fragments and Their Impact on the Dark Metabolome
113			Sci Rep (2024)	10.1038/s41598-024-70499-z		ENZYME_LIKELY	PMC:PMC11366753	?				reductase(1);dehydrogenase(1)	Spatial chemistry of citrus reveals molecules bactericidal to Candidatus Liberibacter asiaticus
115			JACS (2024)	10.1021/jacs.4c05399		ENZYME_LIKELY	PMC:PMC11240249	?				cyp450(3);transferase(2);methyltransferase(2);cytochrome p450(1);epimerase(1);sulfate(1)	Leptochelins A-C, Cytotoxic Metallophores Produced by Geographically Dispersed Leptothoe Strains of Marine Cyanobacteria
119			J Antibiot (2026)	10.1038/s41429-025-00876-x		ENZYME_LIKELY	PMC:PMC12834688	?				kinase(1);transferase(1)	The undiscovered natural product potential of Actinomycetes
138			bioRxiv (2025)	10.1101/2024.06.05.597641		ENZYME_LIKELY	PMC:PMC12458959	?				bile salt hydrolase(7);deconjugation(2);sulfate(2);deconjugating(1);hydrolase(1);deconjugate(1)	Early life gut microbial and metabolic shifts reflected in stool consistency — a gut transit time proxy
13	2026	Apr	bioRxiv (preprint)	10.64898/2026.03.31.715631	41959535	WEAK_SIGNAL	PMC:PMC13060084	False				dehydrogenase(1)	Farnesoid X receptor-dependent microbiome-bile acid signaling mediates obstructive sleep apnea-induced atherosclerosis
43	2025	Aug	Nutrients	10.3390/nu17172729	40944120	WEAK_SIGNAL	PMC:PMC12430150	False				kinase(1)	Targeted Microbial Shifts and Metabolite Profiles Were Associated with Clinical Response to an Anti-Inflammatory Diet in Osteoarthritis
50	2025	Sep	bioRxiv (preprint)	10.1101/2025.09.25.678496	41040289	WEAK_SIGNAL	PMC:PMC12485695	False				deconjugation(1)	Microbial lipid shifts in a multi-stage simulated gut
73	2025	Sep	Environ Int	10.1016/j.envint.2025.109741	40889412	WEAK_SIGNAL	PMC:PMC12633721	False				kinase(1)	Metabolome informs about the chemical exposome and links to brain health
25	2024	Oct	Cell Metab	10.1016/j.cmet.2024.08.012	39317186	WEAK_SIGNAL	PMC:PMC11631175	False				sulfate(2)	IL-22 resolves MASLD via enterocyte STAT3 restoration of diet-perturbed intestinal homeostasis
65	2024	Aug	mSystems	10.1128/msystems.00108-24	38975760	WEAK_SIGNAL	PMC:PMC11334461	False				sulfate(1)	Impact of diet change on the gut microbiome of common marmosets
67	2024	Sep	Transl Psychiatry	10.1038/s41398-024-03112-6	39341817	WEAK_SIGNAL	PMC:PMC11438888	False				kinase(5)	Receptor and metabolic insights on the ability of caffeine to prevent alcohol-induced stimulation of mesolimbic dopamine transmission
68	2024	Jun	Res Sq (preprint)	10.21203/rs.3.rs-4289552/v1	38946995	WEAK_SIGNAL	PMC:PMC11213171	False				kinase(5)	Receptor and metabolic insights on the ability of caffeine to prevent alcohol-induced stimulation of mesolimbic dopamine transmission (preprint)
83			bioRxiv (2024)	10.1101/2024.05.13.593988		WEAK_SIGNAL	PMC:PMC11118438	?				sulfate(1)	plantMASST — Community-driven chemotaxonomic digitization of plants
85			Nat Commun (2025)	10.1038/s41467-025-65993-5		WEAK_SIGNAL	PMC:PMC12689629	?				reductase(1)	A resource to empirically establish drug exposure records directly from untargeted metabolomics data
104			Environ Sci Technol (2026)	10.1021/acs.est.5c12691		WEAK_SIGNAL	PMC:PMC12918520	?				sulfates(1)	Comparability of Liquid Chromatography Tandem Mass Spectrometry Analysis of Dissolved Organic Matter across Laboratories
111			bioRxiv (2024)	10.1101/2024.08.02.606356		WEAK_SIGNAL	PMC:PMC11312580	?				deconjugation(1)	Ordering molecular diversity in untargeted metabolomics via molecular community networking
116			PLoS One (2024)	10.1371/journal.pone.0303273		WEAK_SIGNAL	PMC:PMC11115249	?				sulfate(3)	Environmental metabolomics characterization of modern stromatolites and annotation of ibhayipeptolides
120			Phys Sci Rev (2024)	10.1515/psr-2024-0015		WEAK_SIGNAL	PMC:PMC11519840	?				kinase(2)	The workshops on computational applications in secondary metabolite discovery (CAiSMD)
124			Sci Adv (2025)	10.1126/sciadv.ado8335		WEAK_SIGNAL	PMC:PMC12143373	?				sulfate(4)	Tropical cyclones drive oxygen minimum zone shoaling and simultaneously alter organic matter production
8	2026	Feb	bioRxiv (preprint)	10.64898/2026.02.18.706700	41756824	NO_SIGNAL	PMC:PMC12934720	False					Unlocking the Bile Acid Universe: Advanced Workflows and a Multidimensional Library of 280 Unique Species
17	2026	Jun	Osteoarthritis Cartilage	10.1016/j.joca.2026.02.011	41763351	NO_SIGNAL	PubMed_abstract:41763351	False					Potential role of bile acids as a microbiome-derived mechanism in synovitis of knee osteoarthritis
26	2026	Feb	Cell Metab	10.1016/j.cmet.2025.10.016	41297544	NO_SIGNAL	PubMed_abstract:41297544	False					A metabolic atlas of mouse aging
31	2026	Jan	bioRxiv (preprint)	10.64898/2026.01.07.698252	41542415	NO_SIGNAL	PMC:PMC12803199	unknown					Synthesis-driven reverse metabolomics reveals 3-hydroxy N-acyl amides as gut microbial molecules
32	2026	Jan	bioRxiv (preprint)	10.64898/2026.01.24.701521	41659575	NO_SIGNAL	PMC:PMC12874021	False					Community Curation of Microbial Metabolites Enables Biological Insights of Metabolomics Data
44	2026	May	Nat Commun	10.1038/s41467-026-73398-1	42161945	NO_SIGNAL	PubMed_abstract:42161945	False					Glucuronidation metabolomic fingerprinting to map host-microbe metabolism
57	2026	Apr	Commun Med (Lond)	10.1038/s43856-026-01571-0	41942725	NO_SIGNAL	PMC:PMC13053715	False					Author Correction: Consuming a modified Mediterranean ketogenic diet reverses the peripheral lipid signature of Alzheimer's disease in humans
70	2026	Jan	PNAS	10.1073/pnas.2419820122	41481467	NO_SIGNAL	PMC:PMC12773731	False					Metabolomic profiling reveals the potential of fatty acids as regulators of exhausted CD8 T cells during chronic viral infection
74	2026	May	medRxiv (preprint)	10.64898/2026.05.05.26352469	42145594	NO_SIGNAL	PMC:PMC13174712	False					Exposome contribution to the brain metabolome: importance of body brain connection
30	2025	Nov	bioRxiv (preprint)	10.1101/2025.11.18.689170	41332743	NO_SIGNAL	PMC:PMC12667992	False					Charting the Undiscovered Metabolome with Synthetic Multiplexing
37	2025	Jun	bioRxiv (preprint)	10.1101/2025.06.30.662372	40631287	NO_SIGNAL	PMC:PMC12236745	False					Influence of perinatal ampicillin exposure on maternal fecal microbial and metabolic profiles
42	2025	Jun	Metabolomics	10.1007/s11306-025-02288-2	40537703	NO_SIGNAL	PubMed_abstract:40537703	False					Untargeted and semi-targeted metabolomics approach for profiling small intestinal and fecal metabolome
61	2025	Aug	Anal Chem	10.1021/acs.analchem.5c02047	40815677	NO_SIGNAL	PubMed_abstract:40815677	False					Reverse Spectral Search Reimagined: A Simple but Overlooked Solution for Chimeric Spectral Annotation
66	2025	Feb	Pediatr Res	10.1038/s41390-024-03440-9	39138352	NO_SIGNAL	PMC:PMC12055563	False					The impact of breastfeeding on the preterm infant's microbiome and metabolome: a pilot study
5	2024	Nov	Nat Rev Immunol	10.1038/s41577-024-01057-x	39009868	NO_SIGNAL	PubMed_abstract:39009868	False					How bile acids and the microbiota interact to shape host immunity
15	2024	Nov	bioRxiv (preprint)	10.1101/2024.11.18.624205	39605650	NO_SIGNAL	PMC:PMC11601605	False					Gut Microbiota and Derived Metabolites Mediate Obstructive Sleep Apnea Induced Atherosclerosis
22	2024	Dec	Alzheimer's & Dementia (abstract)	10.1002/alz.090001		NO_SIGNAL	PMC:PMC11710680	False					Expanded bile acid annotations linked to diet and AD biomarkers
54	2024	Dec	Alzheimer's & Dementia (abstract)	10.1002/alz.089880		NO_SIGNAL	PMC:PMC11715458	False					Untargeted metabolomics tools to inform diet and drug exposures of cognitively declined cohorts
55	2024	Jul	NPJ Metab Health Dis	10.1038/s44324-024-00016-3	38962750	NO_SIGNAL	PMC:PMC11216994	False					Serum and CSF metabolomics analysis shows Mediterranean Ketogenic Diet mitigates risk factors of Alzheimer's disease
63	2024	Jul	Nat Metab	10.1038/s42255-024-01064-1	38951660	NO_SIGNAL	PMC:PMC11309016	False					Time of sample collection is critical for the replicability of microbiome analyses
71	2024	Oct	bioRxiv (preprint)	10.1101/2024.10.07.617124	39416134	NO_SIGNAL	PMC:PMC11483027	False					Metabolomic Profiling Reveals Potential of Fatty Acids as Regulators of Stem-like Exhausted CD8 T Cells (preprint)
79	2024	Mar	mSystems	10.1128/msystems.01119-23	38319107	NO_SIGNAL	PMC:PMC10949451	False					Co-occurrence network analysis reveals the alterations of the skin microbiome and metabolome in adults with mild to moderate atopic dermatitis
80			Nat Methods (2025)	10.1038/s41592-025-02660-z		NO_SIGNAL	PMC:PMC12334354	?					A universal language for finding mass spectrometry data patterns
81			Nat Methods (2025)	10.1038/s41592-025-02785-1		NO_SIGNAL	PMC:PMC12446056	?					Author Correction: A universal language for finding mass spectrometry data patterns
87			Nat Metab (2025)	10.1038/s42255-025-01239-4		NO_SIGNAL	PMC:PMC13111153	?					Discovery of metabolites prevails amid in-source fragmentation
89			bioRxiv (2026)	10.64898/2026.02.04.703849		NO_SIGNAL	PMC:PMC12889665	?					A searchable metadata network graph for microbiome metabolomics
90			Nat Commun (2025)	10.1038/s41467-025-60067-y		NO_SIGNAL	PMC:PMC12103507	?					Enabling pan-repository reanalysis for big data science of public metabolomics data
95			Nat Methods (2025)	10.1038/s41592-025-02813-0		NO_SIGNAL	PMC:PMC12510872	?					MSnLib: efficient generation of open multi-stage fragmentation mass spectral libraries
97			Anal Chem (2025)	10.1021/acs.analchem.4c05142		NO_SIGNAL	PMC:PMC11912123	?					Human Untargeted Metabolomics in High-Throughput Gut Microbiome Research: Ethanol vs Methanol
98			JASMS (2025)	10.1021/jasms.4c00434		NO_SIGNAL	PMC:PMC11969646	?					To Impute or Not To Impute in Untargeted Metabolomics
99			JASMS (2024)	10.1021/jasms.3c00353		NO_SIGNAL	PMC:PMC10854760	?					Weighting Low-Intensity MS/MS Ions and m/z Frequency for Spectral Library Annotation
100			Commun Chem (2025)	10.1038/s42004-025-01839-x		NO_SIGNAL	PMC:PMC12816106	?					Structure characterization with NMR molecular networking
102			Brief Bioinform (2026)	10.1093/bib/bbag054		NO_SIGNAL	PMC:PMC12903953	?					ChemEmbed: a deep learning framework for metabolite identification using enhanced MS/MS data and multidimensional molecular embeddings
103			Anal Chem (2026)	10.1021/acs.analchem.5c05301		NO_SIGNAL	PMC:PMC12903069	?					Retrieval-Augmented Language Models Enable Scalable Chemical Source Classification in Metabolomics Workflows
105			Anal Chem (2024)	10.1021/acs.analchem.3c04436		NO_SIGNAL	PMC:PMC11154662	?					Comparative Metabolomics and Microbiome Analysis of Ethanol versus OMNImet/gene•GUT Fecal Stabilization
106			Anal Chem (2024)	10.1021/acs.analchem.4c05417		NO_SIGNAL	PMC:PMC11525899	?					Correction to Comparative Metabolomics ... OMNImet/gene•GUT
107			Metabolomics (2024)	10.1007/s11306-024-02185-0		NO_SIGNAL	PMC:PMC11904883	?					Multiplatform metabolomic interlaboratory study of a whole human stool candidate reference material
108			Microbiol Spectr (2025)	10.1128/spectrum.01912-25		NO_SIGNAL	PMC:PMC12584695	?					Streamlined extraction of nucleic acids and metabolites from low- and high-biomass samples using isopropanol and matrix tubes
109			mSystems (2024)	10.1128/msystems.00985-24		NO_SIGNAL	PMC:PMC11494942	?					Clearing the plate: a strategic approach to mitigate well-to-well contamination in large-scale microbiome studies
110			Int Urogynecol J (2025)	10.1007/s00192-025-06069-2		NO_SIGNAL	PMC:PMC12064589	?					Urinary Metabolomic Profile is Minimally Impacted by Common Storage Conditions and Additives
112			mSystems (2024)	10.1128/msystems.00356-23		NO_SIGNAL	PMC:PMC10878091	?					Functional metabolomics of the human scalp: a metabolic niche for Staphylococcus epidermidis
114			Sci Rep (2025)	10.1038/s41598-025-91641-5		NO_SIGNAL	PMC:PMC11871355	?					Author Correction: Spatial chemistry of citrus reveals molecules bactericidal to Candidatus Liberibacter asiaticus
117			Nat Microbiol (2024)	10.1038/s41564-023-01580-y		NO_SIGNAL	PMC:PMC10914610	?					A conserved interdomain microbial network underpins cadaver decomposition despite environmental variables
118			mSystems (2026)	10.1128/msystems.01810-25		NO_SIGNAL	PMC:PMC13098279	?					Ecological interactions drive metabolomic diversification in Amazonian Pseudonocardia symbionts
125			Environ Microbiol (2025)	10.1111/1462-2920.70064		NO_SIGNAL	PMC:PMC11923415	?					Microbial Community Metabolism of Coral Reef Exometabolomes Broadens the Chemodiversity of Labile Dissolved Organic Matter
126			Commun Biol (2024)	10.1038/s42003-023-05730-0		NO_SIGNAL	PMC:PMC10864316	?					Coral thermal stress and bleaching enrich and restructure reef microbial communities via altered organic matter exudation
128			G3 (2024)	10.1093/g3journal/jkae213		NO_SIGNAL	PMC:PMC11540319	?					Y and mitochondrial chromosomes in the heterogeneous stock rat population
129			Clin Transl Sci (2024)	10.1111/cts.70022		NO_SIGNAL	PMC:PMC11424816	?					Noninvasive skin swab analysis detects environmental drug exposure of pharmacy staff
130			Res Sq (2025)	10.21203/rs.3.rs-7652253/v1		NO_SIGNAL	PMC:PMC12633204	?					Learning molecular fingerprints of foods to decode dietary intake
131			mSystems (2025)	10.1128/msystems.00327-25		NO_SIGNAL	PMC:PMC12282194	?					Correction for Tang-Wing et al. (marmosets)
132			mSystems (2025)	10.1128/msystems.01305-24		NO_SIGNAL	PMC:PMC11915787	?					Correction for Taylor et al. (HIV/HCV depression microbiome)
141			Alzheimer's & Dementia (2024)	10.1002/alz.089889		NO_SIGNAL	PMC:PMC11716187	?					Foodomics: Links to cognition and AD markers of disease (abstract)
142			Alzheimer's & Dementia (2024)	10.1002/alz.089878		NO_SIGNAL	PMC:PMC11715121	?					A Modified Mediterranean Ketogenic Diet reverses signatures and mitigates modifiable risk factors of AD (abstract)
143			Alzheimer's & Dementia (2024)	10.1002/alz.089874		NO_SIGNAL	PMC:PMC11715385	?					Metabolomics approaches for capturing the chemical exposome and its influences on cognitive function (abstract)
19	2026	unknown	bioRxiv (preprint)	unknown		UNVERIFIABLE	(none)	unknown					Pan-repository analysis reveals a drug-activating function of microbial bile acid conjugation
20	2026	unknown	Gastroenterology (abstract/article — Scholar)	unknown		UNVERIFIABLE	(none)	True					Characterization of Enzymatic Activity of Bile Salt Hydrolases Cloned from Gut Bacteroides Species in E. coli
23	2026	unknown	Osteoarthritis and Cartilage (abstract — Scholar)	unknown		UNVERIFIABLE	(none)	False					Dysregulated Bile Acid Signatures Underlying Synovitis Progression in Knee Osteoarthritis
46	2026	unknown	bioRxiv (preprint)	unknown		UNVERIFIABLE	(none)	False					Multi-omics Analyses of Facial Skin in Acne Identify Distinct Microbial and Metabolic Features
49	2026	unknown	Am J Health Syst Pharm	unknown		UNVERIFIABLE	(none)	False					Elucidating Exogenous Drugs and Metabolites Using Untargeted Metabolomics in Human Milk Samples
75	2025	unknown	Sleep	unknown		UNVERIFIABLE	(none)	False					Better Objective Sleep in Healthy Adults Is Marked by Increased Bifidobacterium Breve and Saguini
77	2025	Apr	bioRxiv (preprint)	10.1101/2025.04.28.651123		UNVERIFIABLE	(none)	False					A multi-organ Murine metabolomics atlas reveals molecular dysregulations in Alzheimer's Disease
16	2024	Jan	bioRxiv (preprint)	10.1101/2024.01.31.578215		UNVERIFIABLE	(none)	False					Perinatal ampicillin administration modulates murine bile acid metabolism in vivo - an observational study
21	2024	May	Gastroenterology (abstract)	unknown		UNVERIFIABLE	(none)	False					1270 — Microbial bile acid biotransformations promote atherosclerosis associated with obstructive sleep apnea
24	2024	var	US Patent 11,980,645 / App. 18/628,290			UNVERIFIABLE	(none)	False					Bile Acids and Use in Disease Treatment (patents)
76	2024	May	Gastroenterology (abstract)	unknown		UNVERIFIABLE	(none)	False					Sa1564 — Time-restricted feeding is not sufficient to prevent MASH in a STAM/HFD murine model
78	2024	unknown	J Sleep Res	unknown		UNVERIFIABLE	(none)	False					Human gut microbiome associations with blood pressure and cortisol response during combined sleep restriction and circadian misalignment
60	0		(skip)			UNVERIFIABLE	(none)	False					A metabolic atlas of mouse aging (see above primary) — skipped duplicate
84			Nat Protoc (2026)	10.1038/s41596-025-01237-6		UNVERIFIABLE	(none)	?					A versatile toolkit for drug metabolism studies with GNPS2
91			Nat Protoc (2025)	10.1038/s41596-024-01046-3		UNVERIFIABLE	(none)	?					Statistical analysis of feature-based molecular networking results from non-targeted metabolomics data
92			Nat Protoc (2024)	10.1038/s41596-024-00996-y		UNVERIFIABLE	(none)	?					Reproducible mass spectrometry data processing and compound annotation in MZmine 3
93			Nat Biotechnol (2024)	10.1038/s41587-023-01985-4		UNVERIFIABLE	(none)	?					Fast mass spectrometry search and clustering of untargeted metabolomics data
94			Nat Biotechnol (2026)	10.1038/s41587-026-03082-8		UNVERIFIABLE	(none)	?					Structure-centric searching enables global mapping of the public metabolome
121			Curr Opin Biotechnol (2025)	10.1016/j.copbio.2025.103373		UNVERIFIABLE	(none)	?					Molecules to medicine: advances in metabolomics for natural product drug discovery
122			Curr Opin Microbiol (2025)	10.1016/j.mib.2025.102640		UNVERIFIABLE	(none)	?					The mass spectrometry of microbiome-mediated metabolism of food: challenges and opportunities
123			ACS Chem Biol (2025)	10.1021/acschembio.5c00171		UNVERIFIABLE	(none)	?					Bacillus spp. Antibacterial Activity Induced by Triphenyl Tetrazolium Chloride against Ralstonia solanacearum
133			Cell (2025) (Scholar-listed)	unknown		UNVERIFIABLE	(none)	?					Unraveling mitochondrial influence on mammalian pluripotency via enforced mitophagy
134			Nat Geosci (2026) (Scholar)	unknown		UNVERIFIABLE	(none)	?					Widespread presence of anthropogenic compounds in marine dissolved organic matter
135			Hortic Res (2026) (Scholar)	unknown		UNVERIFIABLE	(none)	?					Early seed priming with closely related Bacillus strains induces divergent physiological and defense responses in melon
136			ChemRxiv (2025) (Scholar)	unknown		UNVERIFIABLE	(none)	?					Bridging Complexity and Accessibility in Metabolomics with MetaboApps
137			Reprod Sci (2026) (Scholar)	unknown		UNVERIFIABLE	(none)	?					Social Isolation Drives Metabolomic Changes That Impair Recovery After Maternal Birth Injury
139			US Patent 12,046,334 (2024)			UNVERIFIABLE	(none)	?					Source identification for unknown molecules using mass spectral matching (patent)
140			US Patent 12,385,811 (2025)			UNVERIFIABLE	(none)	?					Device and method for in situ sampling of volatiles from surfaces (patent)
144			J Immunol (2024)	unknown		UNVERIFIABLE	(none)	?					Elevation of systemic lipids during persistent viral infection modulates a stem-like population of exhausted T cells (abstract)
